state_name,State_abv,state_fips,emis_tot,emis_xlulc,refor_0,refor_1,refor_2,refor_3,refor_4,refor_area_0,refor_area_1,refor_area_2,refor_area_3,refor_area_4,defor_0,defor_1,defor_2,defor_3,defor_4,defor_area_0,defor_area_1,defor_area_2,defor_area_3,defor_area_4,rice_0,rice_1,rice_2,rice_3,rice_4,rice_area_0,rice_area_1,rice_area_2,rice_area_3,rice_area_4,fire_0,fire_1,fire_2,fire_3,fire_4,fire_area_0,fire_area_1,fire_area_2,fire_area_3,fire_area_4,urban_0,urban_1,urban_2,urban_3,urban_4,urban_area_0,urban_area_1,urban_area_2,urban_area_3,urban_area_4,cov_crop_0,cov_crop_1,cov_crop_2,cov_crop_3,cov_crop_4,cov_crop_area_0,cov_crop_area_1,cov_crop_area_2,cov_crop_area_3,cov_crop_area_4,aly_crop_0,aly_crop_1,aly_crop_2,aly_crop_3,aly_crop_4,aly_crop_area_0,aly_crop_area_1,aly_crop_area_2,aly_crop_area_3,aly_crop_area_4,grass_con_0,grass_con_1,grass_con_2,grass_con_3,grass_con_4,grass_con_area_0,grass_con_area_1,grass_con_area_2,grass_con_area_3,grass_con_area_4,grass_res_0,grass_res_1,grass_res_2,grass_res_3,grass_res_4,grass_res_area_0,grass_res_area_1,grass_res_area_2,grass_res_area_3,grass_res_area_4,nut_mgt_0,nut_mgt_1,nut_mgt_2,nut_mgt_3,nut_mgt_4,nut_mgt_area_0,nut_mgt_area_1,nut_mgt_area_2,nut_mgt_area_3,nut_mgt_area_4,manure_0,manure_1,manure_2,manure_3,manure_4,manure_area_0,manure_area_1,manure_area_2,manure_area_3,manure_area_4,tidal_0,tidal_1,tidal_2,tidal_3,tidal_4,tidal_area_0,tidal_area_1,tidal_area_2,tidal_area_3,tidal_area_4
Alabama,AL,1,151330861.5,98863106.93,,500021.3593,11757645.11,11757645.11,14286324.55,,155206.1257,3649561.184,3649561.184,4434460.734,,2113474.036,2201535.454,2201535.454,2201535.454,,415964.3987,433296.2486,433296.2486,433296.2486,-9999,-9999,-9999,-9999,-9999,-9999,-9999,-9999,-9999,0,-9999,-9999,-9999,-9999,-9999,-9999,-9999,-9999,-9999,-9999,0,0,0,0,521818.1483,0,0,0,0,145838.1173,,732209.4539,732209.4539,755634.1113,755634.1113,,1542008.148,1542008.148,1591339.678,1591339.678,,29891.77598,478268.4157,597835.5196,597835.5196,,13892.64798,222282.3678,277852.9597,277852.9597,,151246.2301,1279373.045,1159706.388,1159706.388,,699.2667119,19062.67776,19062.67776,19062.67776,,1973.658054,94481.31162,119436.5831,121083.3162,,1211.618807,45882.65621,57212.7828,58001.60462,,163418.8538,184504.9207,197615.7115,247552.0481,-9999,-9999,-9999,-9999,-9999,,7127,20108,25903,25903,-9999,-9999,-9999,-9999,-9999,-9999,-9999,-9999,-9999,-9999,-9999,-9999,-9999,-9999,-9999
Arizona,AR,4,91536411.89,55797032.21,,39172.04396,921102.6338,921102.6338,1119201.256,,87162.76467,2049570.152,2049570.152,2490364.705,,85449.95423,89010.36899,89010.36899,89010.36899,,41397.65886,43122.56131,43122.56131,43122.56131,-9999,-9999,-9999,-9999,-9999,-9999,-9999,-9999,-9999,-9999,0,0,1808983.961,1808983.961,1808983.961,-9999,0,2830272.645,2830272.645,2830272.645,0,0,0,0,497483.9477,0,0,0,0,134716.8129,,220294.0512,220294.0512,227341.6421,227341.6421,,463931.7618,463931.7618,478773.748,478773.748,,8993.301567,143892.8251,179866.0313,179866.0313,,4179.770816,66876.33306,83595.41632,83595.41632,,87136.65085,128053.3649,116076.6995,116076.6995,,10.34646774,3957.249721,4200.130944,4227.303774,,106.9642632,5120.50396,6472.978478,6562.224734,,268.6863211,10174.85204,12687.39973,12862.32738,,173735.0317,196142.3223,213151.2336,266173.037,-9999,-9999,-9999,-9999,-9999,,11962,48324,61252,61252,-9999,-9999,-9999,-9999,-9999,-9999,-9999,-9999,-9999,-9999,-9999,-9999,-9999,-9999,-9999
Arkansas,AZ,5,105436198.6,107261920.2,,427670.4569,10056365.32,10056365.32,12219155.91,,136499.7491,3209694.101,3209694.101,3899992.832,,1467744.933,1528900.972,1528900.972,1528900.972,,280617.9781,292310.3939,292310.3939,292310.3939,0,631622.9667,1316897.305,1609541.151,1804637.048,0,1339333.333,1339333.333,1339333.333,1339333.333,-9999,-9999,-9999,-9999,-9999,-9999,-9999,-9999,-9999,-9999,0,0,0,0,249732.8124,0,0,0,0,72325.85965,,2270585.725,2270585.725,2343225.722,2343225.722,,4781776.13,4781776.13,4934753.488,4934753.488,,92694.56911,1483113.106,1853891.382,1853891.382,,43081.18124,689298.8999,861623.6249,861623.6249,,242199.1503,447446.304,405594.2392,405594.2392,,30.36384553,6628.15505,6628.15505,6628.15505,,607.6066189,29086.8371,36769.51956,37276.47969,,421.2837995,15953.54878,19893.07064,20167.34655,,705625.2008,796694.3187,846553.6853,1062320.518,-9999,-9999,-9999,-9999,-9999,,276204,523790,551481,551481,-9999,-9999,-9999,-9999,-9999,-9999,-9999,-9999,-9999,-9999,-9999,-9999,-9999,-9999,-9999
California,CA,6,454521453.6,427693094,0,194039.5728,4562701.954,4562701.954,5543987.794,0,288428.7081,6782195.052,6782195.052,8240820.233,0,1536798.847,1600832.132,1600832.132,1600832.132,0,208118.1108,216789.6988,216789.6988,216789.6988,0,222435.664,463765.4771,566824.472,635530.4686,0,471666.6667,471666.6667,471666.6667,471666.6667,0,0,3187496.417,5109342.032,5109342.032,-9999,0,16636427.13,20091506.46,20091506.46,0,0,0,0,1814651.06,0,0,0,0,447187.3557,,984485.0675,984485.0675,1015980.462,1015980.462,,2073291.99,2073291.99,2139620.217,2139620.217,,40190.69535,643051.1256,803813.907,803813.907,,18679.22411,298867.5858,373584.4823,373584.4823,0,615968.7604,2545068.69,2352081.106,2352081.106,0,3446.608821,50091.67447,50475.81184,50481.03159,,3109.909385,148874.9873,188197.2158,190791.9868,,3208.56115,121504.641,151508.6355,153597.5623,1232971.152,1274395.637,1437329.931,2006306.957,2385561.893,-9999,-9999,-9999,-9999,-9999,0,2327889,4475325,4766315,4766315,-9999,-9999,-9999,-9999,-9999,-9999,-9999,-9999,-9999,776968.8883,-9999,-9999,-9999,-9999,477257.5108
Colorado,CO,8,127249219.3,118206585.5,0,156714.807,3685036.747,3685036.747,4477565.914,0,280035.7464,6584840.552,6584840.552,8001021.327,0,165798.0172,172706.2679,172706.2679,172706.2679,0,52078.22702,54248.15315,54248.15315,54248.15315,-9999,-9999,-9999,-9999,-9999,-9999,-9999,-9999,-9999,-9999,0,0,1098.372808,1098.372808,38947.48327,-9999,0,1718.475442,1718.475442,2945355.436,0,0,0,0,221528.8851,0,0,0,0,107797.8566,,1941301.875,1941301.875,2003407.508,2003407.508,,4088315.569,4088315.569,4219107.914,4219107.914,,79251.85951,1268029.752,1585037.19,1585037.19,,36833.48179,589335.7086,736669.6358,736669.6358,0,1851913.118,4129008.048,3742799.668,3742799.668,0,5463.005149,74410.31024,74410.31024,74410.31024,,4701.875628,225084.267,284535.5901,288458.6275,,4729.499836,179100.8968,223327.5394,226406.6701,324336.5364,335399.824,378502.4131,459579.7041,560888.9218,-9999,-9999,-9999,-9999,-9999,0,193218,389298,455516,455516,-9999,-9999,-9999,-9999,-9999,-9999,-9999,-9999,-9999,-9999,-9999,-9999,-9999,-9999,-9999
Connecticut,CT,9,40713158.02,35152743.47,0,19744.63472,464280.9821,464280.9821,564132.4205,0,4423.686473,104019.8276,104019.8276,126391.0421,0,172451.8246,179637.3173,179637.3173,179637.3173,0,17425.28656,18151.34017,18151.34017,18151.34017,-9999,-9999,-9999,-9999,-9999,-9999,-9999,-9999,-9999,-9999,-9999,-9999,-9999,-9999,-9999,-9999,-9999,-9999,-9999,-9999,0,0,0,0,325993.8556,0,0,0,0,130754.7587,,23144.5517,23144.5517,23884.98628,23884.98628,,48741.63687,48741.63687,50300.96684,50300.96684,,944.8549879,15117.67981,18897.09976,18897.09976,,439.1354248,7026.166797,8782.708496,8782.708496,0,0,2696.979905,2444.716837,2444.716837,0,0,28.2840544,28.2840544,28.2840544,,3.396687406,162.6033854,205.5516845,208.3857304,,1.797727092,68.07792486,84.88888504,86.05929141,13142.72695,13596.58756,15351.27084,16347.45199,20504.25909,-9999,-9999,-9999,-9999,-9999,0,0,1776,1776,1776,-9999,-9999,-9999,-9999,-9999,-9999,-9999,-9999,-9999,9857.572122,-9999,-9999,-9999,-9999,5998.733092
Delaware,DE,10,14913536.2,13717565.11,0,15489.02308,364213.314,364213.314,442543.5164,0,3838.282968,90254.48237,90254.48237,109665.2277,0,56029.7017,58364.27261,58364.27261,58364.27261,0,6290.631029,6552.740655,6552.740655,6552.740655,-9999,-9999,-9999,-9999,-9999,-9999,-9999,-9999,-9999,-9999,-9999,-9999,-9999,-9999,-9999,-9999,-9999,-9999,-9999,-9999,0,0,0,0,45662.07039,0,0,0,0,13066.42506,,145495.0682,145495.0682,150149.7092,150149.7092,,306407.6536,306407.6536,316210.1688,316210.1688,,5939.702038,95035.2326,118794.0408,118794.0408,,2760.564966,44169.03945,55211.29932,55211.29932,0,889.611542,11469.96354,10397.11602,10397.11602,0,0,142.388904,142.388904,142.388904,,13.2649132,635.0068569,802.7306981,813.7983557,,9.050201457,342.7210601,427.3515788,433.243693,44876.6659,46426.80967,52418.87998,55652.17891,69849.64701,-9999,-9999,-9999,-9999,-9999,0,0,247,247,247,-9999,-9999,-9999,-9999,-9999,-9999,-9999,-9999,-9999,15615.99159,-9999,-9999,-9999,-9999,9177.277445
Florida,FL,12,268231817.3,233442559.2,,277530.8903,6525940.65,6525940.65,7929454.01,,126629.5808,2977604.143,2977604.143,3617988.023,,1019620.997,1062105.205,1062105.205,1062105.205,,263558.2274,274539.8202,274539.8202,274539.8202,-9999,-9999,-9999,-9999,-9999,-9999,-9999,-9999,-9999,-9999,-9999,-9999,-9999,-9999,-9999,-9999,-9999,-9999,-9999,-9999,0,0,0,0,2333798.761,0,0,0,0,470994.4453,,360423.7915,360423.7915,371954.3772,371954.3772,,759040.2178,759040.2178,783323.2382,783323.2382,,14713.96904,235423.5046,294279.3808,294279.3808,,6838.536206,109416.5793,136770.7241,136770.7241,,724484.78,1346896.979,1220914.444,1220914.444,,8889.527833,12325.26102,12325.26102,12325.26102,,4238.939957,202922.9968,256520.8818,260057.6661,,783.3903634,29666.12148,36991.78523,37501.80985,,322463.8825,364064.2197,392246.2964,490732.1056,-9999,-9999,-9999,-9999,-9999,,17130,34271,34923,34923,-9999,-9999,-9999,-9999,-9999,-9999,-9999,-9999,-9999,-9999,-9999,-9999,-9999,-9999,-9999
Georgia,GA,13,160784011.8,114302918.1,,401662.4769,9444806.242,9444806.242,11476070.77,,155695.5653,3661070.007,3661070.007,4448444.722,,3244602.428,3379794.196,3379794.196,3379794.196,,586892.3779,611346.227,611346.227,611346.227,-9999,-9999,-9999,-9999,-9999,-9999,-9999,-9999,-9999,-9999,-9999,-9999,-9999,-9999,-9999,-9999,-9999,-9999,-9999,-9999,0,0,0,0,1208091.919,0,0,0,0,328073.5845,,1152598.675,1152598.675,1189472.317,1189472.317,,2427333.516,2427333.516,2504988.149,2504988.149,,47053.7784,752860.4544,941075.568,941075.568,,21868.94415,349903.1065,437378.8831,437378.8831,,54842.54302,1071085.605,970901.1946,970901.1946,,788.8431103,17069.62056,17069.62056,17069.62056,,1528.893288,73189.90384,92521.49321,93797.13424,,1084.940613,41085.49394,51231.02355,51937.37181,,330987.0117,373661.6761,410426.2995,511344.5081,-9999,-9999,-9999,-9999,-9999,,13908,37422,46360,46360,-9999,-9999,-9999,-9999,-9999,-9999,-9999,-9999,-9999,-9999,-9999,-9999,-9999,-9999,-9999
Idaho,ID,16,30143100.38,29457755.36,,148578.4385,3493715.855,3493715.855,4245098.244,,254788.6215,5991172.442,5991172.442,7279674.9,,430075.4014,447995.2098,447995.2098,447995.2098,,110002.0507,114585.4694,114585.4694,114585.4694,-9999,-9999,-9999,-9999,-9999,-9999,-9999,-9999,-9999,-9999,0,0,0,0,1023606.269,-9999,0,0,0,1389497.122,0,0,0,0,55054.21119,0,0,0,0,28682.61288,,1317977.017,1317977.017,1360141.4,1360141.4,,2775614.667,2775614.667,2864411.421,2864411.421,,53805.19677,860883.1483,1076103.935,1076103.935,,25006.76637,400108.262,500135.3274,500135.3274,,496010.0814,1300427.315,1178791.338,1178791.338,,2603.074569,19140.3138,19284.30076,19284.30076,,1690.766368,80938.95689,102317.2973,103727.9981,,1225.705107,46416.08872,57877.93954,58675.93222,,451123.5509,509237.1785,575015.3432,712222.0007,-9999,-9999,-9999,-9999,-9999,,680363,1372296,1453924,1453924,-9999,-9999,-9999,-9999,-9999,-9999,-9999,-9999,-9999,-9999,-9999,-9999,-9999,-9999,-9999
Illinois,IL,17,289050799.6,264915823.5,,199613.6075,4693771.399,4693771.399,5703245.928,,87613.93271,2060179.046,2060179.046,2503255.22,,271812.6556,283138.1829,283138.1829,283138.1829,,41574.4984,43306.76917,43306.76917,43306.76917,-9999,-9999,-9999,-9999,-9999,-9999,-9999,-9999,-9999,-9999,-9999,-9999,-9999,-9999,-9999,-9999,-9999,-9999,-9999,-9999,0,0,0,0,770695.5967,0,0,0,0,261061.2614,,7178598.318,7178598.318,7408254.198,7408254.198,,15117883.33,15117883.33,15601530.79,15601530.79,,293059.6589,4688954.542,5861193.178,5861193.178,,136203.8402,2179261.443,2724076.804,2724076.804,,0,359788.6339,1705976.442,1705976.442,,0,28918.57449,31003.97306,31003.97306,,2725.400012,130468.0754,164928.5013,167202.4547,,1970.60441,74624.59654,93052.17235,94335.13011,,2595411.751,2925357.303,4669426.495,5429062.495,-9999,-9999,-9999,-9999,-9999,,596839,674807,849748,849748,-9999,-9999,-9999,-9999,-9999,-9999,-9999,-9999,-9999,-9999,-9999,-9999,-9999,-9999,-9999
Indiana,IN,18,251501677,238454159.9,,330015.1618,7760070.805,7760070.805,9429004.623,,112247.9013,2639429.222,2639429.222,3207082.894,,306677.8563,319456.1003,319456.1003,319456.1003,,36699.20096,38228.33434,38228.33434,38228.33434,-9999,-9999,-9999,-9999,-9999,-9999,-9999,-9999,-9999,-9999,-9999,-9999,-9999,-9999,-9999,-9999,-9999,-9999,-9999,-9999,0,0,0,0,412730.9519,0,0,0,0,158260.6774,,3820429.069,3820429.069,3942651.258,3942651.258,,8045693.377,8045693.377,8303089.14,8303089.14,,155965.4949,2495447.919,3119309.899,3119309.899,,72487.28614,1159796.578,1449745.723,1449745.723,,0,514658.9276,808318.0929,808318.0929,,48.01257735,11229.65029,11476.54566,11476.54566,,1094.359214,52388.2512,66225.51708,67138.60207,,729.4462374,27623.31744,34444.53725,34919.44166,,1564992.806,1764800.5,2550554.825,3014394.657,-9999,-9999,-9999,-9999,-9999,,498068,609062,778428,778428,-9999,-9999,-9999,-9999,-9999,-9999,-9999,-9999,-9999,-9999,-9999,-9999,-9999,-9999,-9999
Iowa,IA,19,153369489.5,148519311.1,,149308.0136,3510871.291,3510871.291,4265943.245,,82708.0479,1944820.669,1944820.669,2363087.083,,82450.92022,85886.37523,85886.37523,85886.37523,,13813.02127,14388.56383,14388.56383,14388.56383,-9999,-9999,-9999,-9999,-9999,-9999,-9999,-9999,-9999,-9999,-9999,-9999,-9999,-9999,-9999,-9999,-9999,-9999,-9999,-9999,0,0,0,0,135729.479,0,0,0,0,54213.68529,,7745113.822,7745113.822,7992893.522,7992893.522,,16310945.67,16310945.67,16832761.27,16832761.27,,316187.1321,5058994.114,6323742.642,6323742.642,,146952.6778,2351242.844,2939053.555,2939053.555,,0,1621221.849,5668901.219,5668901.219,,0,86395.63902,87376.80564,87376.80564,,8271.255467,395954.6405,500537.8155,507438.9857,,5553.646889,210310.4288,262243.8603,265859.5501,,3070372.003,3460929.664,5452044.983,6352265.093,-9999,-9999,-9999,-9999,-9999,,2623710,3015268,3793206,3793206,-9999,-9999,-9999,-9999,-9999,-9999,-9999,-9999,-9999,-9999,-9999,-9999,-9999,-9999,-9999
Kansas,KS,20,110380808.7,97814382.19,,150433.9091,3537345.919,3537345.919,4298111.688,,67623.82988,1590126.057,1590126.057,1932109.425,,74597.68142,77705.91814,77705.91814,77705.91814,,14610.80788,15219.59154,15219.59154,15219.59154,-9999,-9999,-9999,-9999,-9999,-9999,-9999,-9999,-9999,-9999,-9999,-9999,-9999,-9999,-9999,-9999,-9999,-9999,-9999,-9999,0,0,0,0,106731.7247,0,0,0,0,36153.72763,,7442761.815,7442761.815,7680868.746,7680868.746,,15674202.65,15674202.65,16175647.73,16175647.73,,303843.8901,4861502.242,6076877.803,6076877.803,,141215.9723,2259455.556,2824319.445,2824319.445,,10333.9839,7720081.756,7029505.521,7029505.521,,24.84299413,141601.2125,141601.2125,141601.2125,,9440.636386,451934.2682,571303.2964,579180.1464,,9000.135988,340825.1365,424987.4815,430847.0007,,1956947.269,2207197.189,3065407.211,3648124.415,-9999,-9999,-9999,-9999,-9999,,287327,334152,357242,357242,-9999,-9999,-9999,-9999,-9999,-9999,-9999,-9999,-9999,-9999,-9999,-9999,-9999,-9999,-9999
Kentucky,KY ,21,164085947.8,141319877.3,,427292.2304,10047471.59,10047471.59,12208349.44,,131750.0977,3098009.44,3098009.44,3764288.505,,1189556.052,1239120.888,1239120.888,1239120.888,,141117.5947,146997.4945,146997.4945,146997.4945,-9999,-9999,-9999,-9999,-9999,-9999,-9999,-9999,-9999,-9999,-9999,-9999,-9999,-9999,-9999,-9999,-9999,-9999,-9999,-9999,0,0,0,0,267515.2514,0,0,0,0,89666.14603,,1930360.815,1930360.815,1992116.424,1992116.424,,4065274.068,4065274.068,4195329.275,4195329.275,,78805.20079,1260883.213,1576104.016,1576104.016,,36625.8905,586014.248,732517.81,732517.81,,1529.826077,1318532.986,1901294.901,1901294.901,,0,28630.02799,32602.79704,32602.79704,,2804.563691,134257.733,169719.1181,172059.1221,,2072.225243,78472.86445,97850.72007,99199.83787,,578018.308,652129.091,844981.5351,1018417.8,-9999,-9999,-9999,-9999,-9999,,25863,78429,86640,86640,-9999,-9999,-9999,-9999,-9999,-9999,-9999,-9999,-9999,-9999,-9999,-9999,-9999,-9999,-9999
Louisiana,LA,22,233589749.6,209295512.8,,281322.8133,6615105.009,6615105.009,8037794.665,,93790.94356,2205427.044,2205427.044,2679741.245,,1014135.474,1056391.119,1056391.119,1056391.119,,205378.9666,213936.4235,213936.4235,213936.4235,0,197598.3248,411981.0634,503532.4108,564566.6424,0,419000,419000,419000,419000,-9999,-9999,-9999,-9999,-9999,-9999,-9999,-9999,-9999,-9999,0,0,0,0,524443.2713,0,0,0,0,126635.0718,,1045923.332,1045923.332,1079384.244,1079384.244,,2202678.881,2202678.881,2273146.42,2273146.42,,42698.85586,683181.6938,853977.1173,853977.1173,,19844.92906,317518.865,396898.5812,396898.5812,,391113.5965,1002795.493,908998.6245,908998.6245,,5836.515398,11878.72167,11878.72167,11878.72167,,1534.399844,73453.50908,92854.72428,94134.95974,,755.0084391,28591.32958,35651.58743,36143.13405,,467514.5377,527774.2659,585185.2643,727611.4389,-9999,-9999,-9999,-9999,-9999,,650,1836,2610,2610,-9999,-9999,-9999,-9999,-9999,-9999,-9999,-9999,-9999,-9999,-9999,-9999,-9999,-9999,-9999
Maine,ME,23,19282637.59,1877831.091,,112202.7322,2638367.103,2638367.103,3205792.349,,45637.50539,1073133.341,1073133.341,1303928.725,,491795.1915,512286.6578,512286.6578,512286.6578,,77986.85971,81236.3122,81236.3122,81236.3122,-9999,-9999,-9999,-9999,-9999,-9999,-9999,-9999,-9999,-9999,-9999,-9999,-9999,-9999,-9999,-9999,-9999,-9999,-9999,-9999,0,0,0,0,59187.66011,0,0,0,0,25673.48868,,77323.84319,77323.84319,79797.56779,79797.56779,,162841.3777,162841.3777,168050.9574,168050.9574,,3156.674619,50506.7939,63133.49238,63133.49238,,1467.111533,23473.78453,29342.23066,29342.23066,,34926.26377,82996.22652,75233.14206,75233.14206,,269.6732713,754.1768752,754.1768752,754.1768752,,88.97199208,4259.192971,5384.170122,5458.404422,,47.93528472,1815.255901,2263.509791,2294.717955,,21679.85833,24477.9665,25987.8153,32617.58588,-9999,-9999,-9999,-9999,-9999,,0,2157,2157,2157,-9999,-9999,-9999,-9999,-9999,-9999,-9999,-9999,-9999,-9999,-9999,-9999,-9999,-9999,-9999
Maryland,MD,24,74057508.36,67809371.21,0,114628.5262,2695407.916,2695407.916,3275100.748,0,24920.52147,585988.262,585988.262,712014.8992,0,355075.4847,369870.2966,369870.2966,369870.2966,0,39472.70643,41117.40253,41117.40253,41117.40253,-9999,-9999,-9999,-9999,-9999,-9999,-9999,-9999,-9999,-9999,-9999,-9999,-9999,-9999,-9999,-9999,-9999,-9999,-9999,-9999,0,0,0,0,348385.7219,0,0,0,0,103396.0185,,508654.1249,508654.1249,524926.8575,524926.8575,,1071208.247,1071208.247,1105478.067,1105478.067,,20765.33576,332245.3721,415306.7151,415306.7151,,9650.998995,154415.9839,193019.9799,193019.9799,0,11292.71304,145539.0864,132061.7419,132061.7419,0,0,1924.453517,2038.776634,2038.776634,,190.3583355,9112.67541,11519.5989,11678.42549,,129.584109,4907.206036,6118.976892,6203.342348,84982.19861,87910.23287,99246.47836,108438.169,135254.5504,-9999,-9999,-9999,-9999,-9999,0,1000,3816,5130,5130,-9999,-9999,-9999,-9999,-9999,-9999,-9999,-9999,-9999,35502.87314,-9999,-9999,-9999,-9999,21672.50733
Massachusetts,MA,25,73769871.09,66922848.31,0,28980.06208,681445.4597,681445.4597,828001.7736,0,6863.645152,161393.7131,161393.7131,196104.1472,0,350225.2882,364818.0086,364818.0086,364818.0086,0,40256.46049,41933.81301,41933.81301,41933.81301,-9999,-9999,-9999,-9999,-9999,-9999,-9999,-9999,-9999,-9999,-9999,-9999,-9999,-9999,-9999,-9999,-9999,-9999,-9999,-9999,0,0,0,0,592627.8265,0,0,0,0,223663.0861,,34822.03006,34822.03006,35936.04754,35936.04754,,73334.0082,73334.0082,75680.09102,75680.09102,,1421.577277,22745.23644,28431.54555,28431.54555,,660.6992073,10571.18732,13213.98415,13213.98415,0,4262.215078,13205.89631,11970.67764,11970.67764,0,0,129.6029616,129.6029616,129.6029616,,14.248792,682.1062819,862.2704556,874.1590183,,8.237530305,311.9461078,388.9771513,394.3401777,18378.28635,19012.77528,21466.20634,22930.26078,28741.38066,-9999,-9999,-9999,-9999,-9999,-9999,0,0,0,0,-9999,-9999,-9999,-9999,-9999,-9999,-9999,-9999,-9999,44772.60867,-9999,-9999,-9999,-9999,26972.5098
Michigan,MI,26,196573528.7,135141829.7,,376190.3761,8845847.986,8845847.986,10748296.46,,147068.5195,3458211.186,3458211.186,4201957.699,,670937.8717,698893.6163,698893.6163,698893.6163,,114891.2503,119678.3857,119678.3857,119678.3857,-9999,-9999,-9999,-9999,-9999,-9999,-9999,-9999,-9999,-9999,-9999,-9999,-9999,-9999,-9999,-9999,-9999,-9999,-9999,-9999,0,0,0,0,626681.6777,0,0,0,0,273067.6838,,2021676.591,2021676.591,2086353.551,2086353.551,,4257581.98,4257581.98,4393789.454,4393789.454,,82533.0832,1320529.331,1650661.664,1650661.664,,38358.47936,613735.6697,767169.5871,767169.5871,,733979.3743,2555603.71,2316988.44,2316988.44,,8053.161789,18463.09455,18463.09455,18463.09455,,2921.252398,139843.7574,176780.5745,179217.9385,,1173.509456,44439.49746,55413.25472,56177.26553,,502467.4555,567128.8022,661023.5509,813396.8367,-9999,-9999,-9999,-9999,-9999,,114391,190132,206526,206526,-9999,-9999,-9999,-9999,-9999,-9999,-9999,-9999,-9999,-9999,-9999,-9999,-9999,-9999,-9999
Minnesota,MN,27,129347776.9,79665598.76,0,204608.0478,4811212.096,4811212.096,5845944.224,0,114861.0806,2700876.268,2700876.268,3281745.161,0,237305.5104,247193.24,247193.24,247193.24,0,51961.00741,54126.04938,54126.04938,54126.04938,-9999,-9999,-9999,-9999,-9999,-9999,-9999,-9999,-9999,-9999,-9999,-9999,-9999,-9999,-9999,-9999,-9999,-9999,-9999,-9999,0,0,0,0,293642.0185,0,0,0,0,122921.7426,,6271752.702,6271752.702,6472397.009,6472397.009,,13208097.38,13208097.38,13630647.45,13630647.45,,256038.5225,4096616.361,5120770.451,5120770.451,,118997.7158,1903963.453,2379954.317,2379954.317,0,900660.5669,4769681.069,4735746.532,4735746.532,0,11452.10809,55426.2854,55426.2854,55426.2854,,6928.317976,331666.6575,419269.5001,425050.1826,,3522.880188,133407.5532,166350.8174,168644.381,1831711.128,1893486.937,2135885.768,2884207.8,3449815.749,-9999,-9999,-9999,-9999,-9999,0,641305,764470,879442,879442,-9999,-9999,-9999,-9999,-9999,-9999,-9999,-9999,-9999,-9999,-9999,-9999,-9999,-9999,-9999
Mississippi,MS,28,78720487.07,25831280.43,,460598.6302,10830647.79,10830647.79,13159960.86,,141732.8072,3332745.724,3332745.724,4049508.777,,1573446.196,1639006.454,1639006.454,1639006.454,,322850.0962,336302.1836,336302.1836,336302.1836,0,72311.24059,150764.7487,184268.0262,206603.5445,0,153333.3333,153333.3333,153333.3333,153333.3333,-9999,-9999,-9999,-9999,-9999,-9999,-9999,-9999,-9999,-9999,0,0,0,0,247486.2524,0,0,0,0,68966.56991,,1326603.623,1326603.623,1369043.986,1369043.986,,2793782.004,2793782.004,2883159.963,2883159.963,,54157.36999,866517.9198,1083147.4,1083147.4,,25170.44412,402727.1059,503408.8824,503408.8824,,118163.7083,723727.6409,666727.8717,666727.8717,,2003.633394,10918.4199,10918.4199,10918.4199,,1094.792902,52409.01237,66251.76189,67165.20873,,693.9719103,26279.94415,32769.43535,33221.24427,,298855.3541,337424.5835,359014.2783,450388.2963,-9999,-9999,-9999,-9999,-9999,,37086,107646,112198,112198,-9999,-9999,-9999,-9999,-9999,-9999,-9999,-9999,-9999,-9999,-9999,-9999,-9999,-9999,-9999
Missouri,MO,29,169148892.4,144035185.7,,389792.3262,9165688.128,9165688.128,11136923.61,,154399.0387,3630583.109,3630583.109,4411401.105,,919562.2645,957877.3589,957877.3589,957877.3589,,158088.1357,164675.1413,164675.1413,164675.1413,0,92275.43093,192388.9294,235142.0248,263644.0884,0,195666.6667,195666.6667,195666.6667,195666.6667,-9999,-9999,-9999,-9999,-9999,-9999,-9999,-9999,-9999,-9999,0,0,0,0,482099.1622,0,0,0,0,162157.6742,,4104791.447,4104791.447,4236110.885,4236110.885,,8644550.851,8644550.851,8921105.11,8921105.11,,167574.3269,2681189.23,3351486.538,3351486.538,,77882.66366,1246122.619,1557653.273,1557653.273,,22302.32547,5465712.914,5945018.067,5945018.067,,0,98132.49537,98132.49537,98132.49537,,8377.981544,401063.7422,506996.3801,513986.5978,,6237.275712,236198.6917,294524.8938,298585.6588,,1158570.195,1306644.199,1839990.071,2184425.577,-9999,-9999,-9999,-9999,-9999,,545850,585413,660404,660404,-9999,-9999,-9999,-9999,-9999,-9999,-9999,-9999,-9999,-9999,-9999,-9999,-9999,-9999,-9999
Montana,MT,30,46143630.75,2421011.586,,237557.2884,5585989.953,5585989.953,6787351.097,,345337.143,8120356.248,8120356.248,9866775.514,,504340.0005,525354.1672,525354.1672,525354.1672,,179816.8798,187309.2498,187309.2498,187309.2498,-9999,-9999,-9999,-9999,-9999,-9999,-9999,-9999,-9999,-9999,0,0,42713.73588,42713.73588,1680835.357,-9999,0,63897.70371,63897.70371,1948661.267,0,0,0,0,32569.21985,0,0,0,0,16968.19016,,2919053.982,2919053.982,3012439.61,3012439.61,,6147428.174,6147428.174,6344095.122,6344095.122,,119167.688,1906683.007,2383353.759,2383353.759,,55384.95742,886159.3187,1107699.148,1107699.148,,2314606.952,3210942.796,2910606.008,2910606.008,,12566.13368,46368.02639,46368.02639,46368.02639,,4286.712673,205209.9325,259411.8639,262988.5076,,2947.139617,111604.8984,139164.2798,141083.0088,,494359.9671,558100.4003,612439.2762,763182.5011,-9999,-9999,-9999,-9999,-9999,,8488,20067,29547,29547,-9999,-9999,-9999,-9999,-9999,-9999,-9999,-9999,-9999,-9999,-9999,-9999,-9999,-9999,-9999
Nebraska,NE,31,88445637.52,78151560.21,,98474.86657,2315566.148,2315566.148,2813567.616,,77221.74511,1815814.178,1815814.178,2206335.575,,28511.67465,29699.6611,29699.6611,29699.6611,,7100.526979,7396.38227,7396.38227,7396.38227,-9999,-9999,-9999,-9999,-9999,-9999,-9999,-9999,-9999,-9999,0,0,96205.34367,96205.34367,96205.34367,-9999,0,143918.5878,143918.5878,143918.5878,0,0,0,0,71144.05217,0,0,0,0,28655.47624,,6194534.061,6194534.061,6392708.009,6392708.009,,13045477.55,13045477.55,13462825.13,13462825.13,,252886.1427,4046178.284,5057722.854,5057722.854,,117532.6004,1880521.606,2350652.008,2350652.008,,101002.8411,3600340.651,4857297.61,4857297.61,,742.0676189,77625.39357,77625.39357,77625.39357,,6245.795838,298993.5271,377966.4426,383177.6588,,4933.849691,186839.3985,232976.9636,236189.1358,,2505559.876,2826786.587,3670323.65,4421960.092,-9999,-9999,-9999,-9999,-9999,,333419,360744,431377,431377,-9999,-9999,-9999,-9999,-9999,-9999,-9999,-9999,-9999,-9999,-9999,-9999,-9999,-9999,-9999
Nevada,NV,32,42529625.65,36131117.93,,33496.32895,787642.2493,787642.2493,957037.97,,60285.50122,1417570.5,1417570.5,1722442.892,,30814.15865,32098.08193,32098.08193,32098.08193,,17525.66792,18255.90408,18255.90408,18255.90408,-9999,-9999,-9999,-9999,-9999,-9999,-9999,-9999,-9999,-9999,0,0,37205.97103,37403.57796,38537.89944,-9999,0,194148.9286,194240.69,282460.2176,0,0,0,0,98838.06372,0,0,0,0,45771.99831,,114775.9359,114775.9359,118447.8183,118447.8183,,241714.2083,241714.2083,249447.0674,249447.0674,,4685.621781,74969.9485,93712.43562,93712.43562,,2177.712493,34843.39989,43554.24986,43554.24986,,179844.1263,218158.8166,197753.2465,197753.2465,,311.3423873,4465.587246,4465.587246,4465.587246,,264.8899051,12680.58852,16029.90198,16250.91442,,283.8315562,10748.38525,13402.55951,13587.34744,,26166.79173,29543.24671,31601.33197,39598.08651,-9999,-9999,-9999,-9999,-9999,,24710,65520,71807,71807,-9999,-9999,-9999,-9999,-9999,-9999,-9999,-9999,-9999,-9999,-9999,-9999,-9999,-9999,-9999
New Hampshire,NH,33,16064005.72,6640723.758,,41830.25839,983608.6472,983608.6472,1195150.24,,12141.06006,285488.3551,285488.3551,346887.4302,,303717.2114,316372.0952,316372.0952,316372.0952,,36113.75814,37618.49806,37618.49806,37618.49806,-9999,-9999,-9999,-9999,-9999,-9999,-9999,-9999,-9999,-9999,-9999,-9999,-9999,-9999,-9999,-9999,-9999,-9999,-9999,-9999,0,0,0,0,96980.68086,0,0,0,0,42842.17244,,20198.88149,20198.88149,20845.07893,20845.07893,,42538.15581,42538.15581,43899.02561,43899.02561,,824.6007167,13193.61147,16492.01433,16492.01433,,383.2454616,6131.927386,7664.909233,7664.909233,,5318.627305,10316.36148,9351.416576,9351.416576,,0,86.9831536,86.9831536,86.9831536,,12.87513459,616.3477005,779.1431139,789.8855575,,5.528626468,209.3629333,261.062393,264.6617934,,3725.705954,4206.434297,4506.120663,5644.577618,-9999,-9999,-9999,-9999,-9999,,0,504,504,504,-9999,-9999,-9999,-9999,-9999,-9999,-9999,-9999,-9999,-9999,-9999,-9999,-9999,-9999,-9999
New Jersey,NJ,34,127876397.8,123349072.8,0,37499.23891,881767.8177,881767.8177,1071406.826,0,8700.002935,204574.3547,204574.3547,248571.5124,0,285108.2324,296987.7421,296987.7421,296987.7421,0,34652.58746,36096.44527,36096.44527,36096.44527,-9999,-9999,-9999,-9999,-9999,-9999,-9999,-9999,-9999,-9999,-9999,-9999,-9999,-9999,-9999,-9999,-9999,-9999,-9999,-9999,0,0,0,0,110317.4486,0,0,0,0,35970.20131,,99942.38236,99942.38236,103139.7135,103139.7135,,210475.2501,210475.2501,217208.7204,217208.7204,,4080.05563,65280.89008,81601.11259,81601.11259,,1896.266607,30340.26571,37925.33214,37925.33214,0,559.7907633,38814.69155,35184.14422,35184.14422,0,0,533.9099584,533.9099584,533.9099584,,50.25154191,2405.599887,3040.989015,3082.916682,,33.93517716,1285.087404,1602.423063,1624.516487,40316.63808,41709.25052,47092.42652,50004.36806,62759.03482,-9999,-9999,-9999,-9999,-9999,0,0,121,1115,1115,-9999,-9999,-9999,-9999,-9999,-9999,-9999,-9999,-9999,56759.59028,-9999,-9999,-9999,-9999,33022.58269
New Mexico,NM,35,77689506.63,76185697.13,,83725.33509,1968741.451,1968741.451,2392152.431,,168076.2854,3952193.797,3952193.797,4802179.583,,107791.467,112282.7781,112282.7781,112282.7781,,56001.97366,58335.38923,58335.38923,58335.38923,-9999,-9999,-9999,-9999,-9999,-9999,-9999,-9999,-9999,-9999,0,0,1350725.937,1350725.937,1362218.446,-9999,0,2113298.268,2113298.268,3007104.58,0,0,0,0,135689.4549,0,0,0,0,49457.97596,,293409.7941,293409.7941,302796.4851,302796.4851,,617911.0238,617911.0238,637679.0751,637679.0751,,11978.18437,191650.9499,239563.6874,239563.6874,,5567.039544,89072.63271,111340.7909,111340.7909,,460947.3804,906273.7926,821505.1195,821505.1195,,293.5330417,22223.73722,22230.29813,22230.29813,,831.1875066,39789.91481,50299.59242,50993.09856,,1412.951928,53506.91751,66719.75649,67639.65581,,42229.02537,47666.65814,54538.80239,67366.95258,-9999,-9999,-9999,-9999,-9999,,473025,931726,982432,982432,-9999,-9999,-9999,-9999,-9999,-9999,-9999,-9999,-9999,-9999,-9999,-9999,-9999,-9999,-9999
New York,NY,36,206144798.1,185562667.2,0,302569.0324,7114694.677,7114694.677,8644829.498,0,83106.43889,1954188.549,1954188.549,2374469.683,0,559234.5848,582536.0258,582536.0258,582536.0258,0,65624.04732,68358.38263,68358.38263,68358.38263,-9999,-9999,-9999,-9999,-9999,-9999,-9999,-9999,-9999,-9999,-9999,-9999,-9999,-9999,-9999,-9999,-9999,-9999,-9999,-9999,0,0,0,0,1114786.147,0,0,0,0,445272.9487,,910422.502,910422.502,939548.5057,939548.5057,,1917318.752,1917318.752,1978657.123,1978657.123,,37167.15939,594674.5502,743343.1878,743343.1878,,17273.99076,276383.8521,345479.8151,345479.8151,0,830441.122,3538089.338,3207152.77,3207152.77,0,7484.364937,36920.95849,36954.21007,36974.23325,,4183.58105,200272.9014,253170.8189,256661.4141,,2350.072584,88994.63413,110970.7043,112500.714,161764.7857,167329.1188,188894.3988,210190.4292,261150.193,-9999,-9999,-9999,-9999,-9999,0,24437,82562,84140,84140,-9999,-9999,-9999,-9999,-9999,-9999,-9999,-9999,-9999,42189.8982,-9999,-9999,-9999,-9999,26120.62266
North Carolina,NC,37,166344815.7,140174476.6,0,296122.6935,6963113.623,6963113.623,8460648.387,0,101861.185,2395193.007,2395193.007,2910319.571,0,2603912.011,2712408.345,2712408.345,2712408.345,0,380506.9805,396361.438,396361.438,396361.438,-9999,-9999,-9999,-9999,-9999,-9999,-9999,-9999,-9999,-9999,-9999,-9999,-9999,-9999,-9999,-9999,-9999,-9999,-9999,-9999,0,0,0,0,1046733.098,0,0,0,0,321608.3772,,1432121.738,1432121.738,1477937.81,1477937.81,,3015999.558,3015999.558,3112486.644,3112486.644,,58465.04978,935440.7964,1169300.996,1169300.996,,27172.50244,434760.0391,543450.0489,543450.0489,0,1097.769164,585906.092,531244.2892,531244.2892,0,0,9876.753051,9876.753051,9876.753051,,1082.183684,51805.39438,65488.71077,66391.63703,,627.7638379,23772.7181,29643.08237,30051.78667,371625.0641,384436.082,434019.0958,471413.5977,588744.0588,-9999,-9999,-9999,-9999,-9999,0,1039321,2978577,3154873,3154873,-9999,-9999,-9999,-9999,-9999,-9999,-9999,-9999,-9999,134225.2771,-9999,-9999,-9999,-9999,82237.68626
North Dakota,ND,38,90041267.16,89180168.28,,43003.19199,1011189.343,1011189.343,1228662.628,,36305.9721,853709.001,853709.001,1037313.488,,3202.182907,3335.607195,3335.607195,3335.607195,,809.7215223,843.4599191,843.4599191,843.4599191,-9999,-9999,-9999,-9999,-9999,-9999,-9999,-9999,-9999,-9999,-9999,-9999,-9999,-9999,-9999,-9999,-9999,-9999,-9999,-9999,0,0,0,0,25259.65868,0,0,0,0,10858.46922,,7478109.858,7478109.858,7717347.635,7717347.635,,15748644.43,15748644.43,16252471.03,16252471.03,,305286.9414,4884591.062,6105738.828,6105738.828,,141886.6518,2270186.429,2837733.036,2837733.036,,1539192.352,10383055,9411871.895,9411871.895,,97052.98742,124399.8579,124399.8579,124399.8579,,14653.99382,701503.7653,886791.3803,899018.0255,,7906.8224,299422.5673,373361.0851,378508.8048,,1769828.071,1996389.468,2698008.025,3226630.333,-9999,-9999,-9999,-9999,-9999,,18996,21452,24426,24426,-9999,-9999,-9999,-9999,-9999,-9999,-9999,-9999,-9999,-9999,-9999,-9999,-9999,-9999,-9999
Ohio,OH,39,275218347.8,251280185.3,,492670.1332,11584786.28,11584786.28,14076289.52,,134191.0701,3155407.162,3155407.162,3834030.574,,927811.2095,966470.0099,966470.0099,966470.0099,,101898.9259,106144.7145,106144.7145,106144.7145,-9999,-9999,-9999,-9999,-9999,-9999,-9999,-9999,-9999,-9999,-9999,-9999,-9999,-9999,-9999,-9999,-9999,-9999,-9999,-9999,0,0,0,0,878377.7499,0,0,0,0,339528.0313,,3161650.965,3161650.965,3262797.694,3262797.694,,6658329.149,6658329.149,6871340.711,6871340.711,,129071.4861,2065143.778,2581429.723,2581429.723,,59987.8951,959806.3216,1199757.902,1199757.902,,13090.19971,1128028.151,1141693.539,1141693.539,,288.80894,15273.70614,15997.73239,15997.73239,,1604.457278,76807.24011,97094.27354,98432.96183,,1016.811682,38505.5271,48013.96738,48675.96045,,754758.483,851528.1973,1103927.217,1330382.349,-9999,-9999,-9999,-9999,-9999,,164576,244165,360768,360768,-9999,-9999,-9999,-9999,-9999,-9999,-9999,-9999,-9999,-9999,-9999,-9999,-9999,-9999,-9999
Oklahoma,OK,40,145138415.5,135956394.9,,248463.5427,5842442.733,5842442.733,7098958.363,,87265.28478,2051980.839,2051980.839,2493293.851,,766260.5881,798188.1126,798188.1126,798188.1126,,155398.4234,161873.3577,161873.3577,161873.3577,-9999,-9999,-9999,-9999,-9999,-9999,-9999,-9999,-9999,-9999,-9999,-9999,-9999,-9999,-9999,-9999,-9999,-9999,-9999,-9999,0,0,0,0,238997.2746,0,0,0,0,69008.22466,,3157653.27,3157653.27,3258672.105,3258672.105,,6649910.139,6649910.139,6862652.362,6862652.362,,128908.2839,2062532.543,2578165.678,2578165.678,,59912.04443,958592.7109,1198240.889,1198240.889,,1544880.017,4005499.525,3630843.563,3630843.563,,995.607162,71611.54494,71611.54494,71611.54494,,4523.302068,216535.7426,273729.1509,277503.1944,,4551.611046,172364.4463,214927.6097,217890.9263,,567390.226,640253.4393,793789.6053,964815.9616,-9999,-9999,-9999,-9999,-9999,,366452,821292,832590,832590,-9999,-9999,-9999,-9999,-9999,-9999,-9999,-9999,-9999,-9999,-9999,-9999,-9999,-9999,-9999
Oregon,OR,41,50191238.39,51946273.39,0,195225.0818,4590578.352,4590578.352,5577859.48,0,184429.4364,4336726.461,4336726.461,5269412.468,0,1621819.079,1689394.874,1689394.874,1689394.874,0,313921.6349,327001.703,327001.703,327001.703,-9999,-9999,-9999,-9999,-9999,-9999,-9999,-9999,-9999,-9999,0,0,0,1818135.727,2701882.373,-9999,0,0,1444646.291,2461453.258,0,0,0,0,228065.1218,0,0,0,0,90341.95765,,667089.1016,667089.1016,688430.4454,688430.4454,,1404866.906,1404866.906,1449811.049,1449811.049,,27233.29763,435732.7621,544665.9526,544665.9526,,12657.08058,202513.2894,253141.6117,253141.6117,0,38036.24482,1184730.883,1073916.617,1073916.617,0,189.4140412,15748.51426,15878.59065,15878.59065,,1297.835296,62128.88844,78538.94087,79621.79731,,1009.239064,38218.7605,47656.38749,48313.45042,435502.2562,450307.1403,508109.8175,637713.3372,773278.9695,-9999,-9999,-9999,-9999,-9999,0,107060,206354,228818,228818,-9999,-9999,-9999,-9999,-9999,-9999,-9999,-9999,-9999,82296.06287,-9999,-9999,-9999,-9999,43751.79893
Pennsylvania,PA,42,295018394.4,260466161.5,,482574.4492,11347393.48,11347393.48,13787841.41,,110730.6793,2603752.83,2603752.83,3163733.694,,1075981.87,1120814.448,1120814.448,1120814.448,,115015.2149,119807.5155,119807.5155,119807.5155,-9999,-9999,-9999,-9999,-9999,-9999,-9999,-9999,-9999,-9999,-9999,-9999,-9999,-9999,-9999,-9999,-9999,-9999,-9999,-9999,0,0,0,0,1022273.066,0,0,0,0,401627.1674,,1156596.37,1156596.37,1193597.905,1193597.905,,2435752.526,2435752.526,2513676.497,2513676.497,,47216.98062,755471.69,944339.6125,944339.6125,,21944.79482,351116.7171,438895.8964,438895.8964,,323182.2388,1305619.207,1208533.108,1208533.108,,0,17380.13723,17948.94469,17948.94469,,1589.741097,76102.7594,96203.71892,97530.12867,,1140.830225,43201.97135,53870.13759,54612.87266,,224188.2364,253117.6698,270406.5805,338927.5673,-9999,-9999,-9999,-9999,-9999,,33962,99454,152977,152977,-9999,-9999,-9999,-9999,-9999,-9999,-9999,-9999,-9999,-9999,-9999,-9999,-9999,-9999,-9999
Rhode Island,RI,44,10848581.99,9509835.213,0,5435.824156,127819.5223,127819.5223,155309.2616,0,1179.177972,27727.52774,27727.52774,33690.7992,0,0,0,0,0,0,0,0,0,0,-9999,-9999,-9999,-9999,-9999,-9999,-9999,-9999,-9999,-9999,-9999,-9999,-9999,-9999,-9999,-9999,-9999,-9999,-9999,-9999,0,0,0,0,107949.0252,0,0,0,0,40109.2932,,2735.265201,2735.265201,2822.771106,2822.771106,,5760.375266,5760.375266,5944.659718,5944.659718,,111.6646804,1786.634886,2233.293608,2233.293608,,51.89782293,830.3651669,1037.956459,1037.956459,-9999,-9999,-9999,-9999,-9999,-9999,-9999,-9999,-9999,-9999,,0,0,0,0,,0,0,0,0,2603.214652,2693.135703,3040.724922,3228.282775,4051.852358,-9999,-9999,-9999,-9999,-9999,-9999,0,0,0,0,-9999,-9999,-9999,-9999,-9999,-9999,-9999,-9999,-9999,5975.339755,-9999,-9999,-9999,-9999,3561.719209
South Carolina,SC,45,85405015.67,49244946.32,,215288.377,5062352.407,5062352.407,6151096.485,,82448.3094,1938713.104,1938713.104,2355665.983,,1456554.336,1517244.1,1517244.1,1517244.1,,280895.1234,292599.0869,292599.0869,292599.0869,-9999,-9999,-9999,-9999,-9999,-9999,-9999,-9999,-9999,-9999,-9999,-9999,-9999,-9999,-9999,-9999,-9999,-9999,-9999,-9999,0,0,0,0,545382.8207,0,0,0,0,154678.7819,,487403.2184,487403.2184,502996.0974,502996.0974,,1026454.562,1026454.562,1059292.634,1059292.634,,19897.78709,318364.5934,397955.7417,397955.7417,,9247.792832,147964.6853,184955.8566,184955.8566,,36131.41284,125673.4508,113918.5355,113918.5355,,473.5361169,1894.063013,1894.063013,1894.063013,,173.4279045,8302.195941,10495.04816,10639.74874,,120.3861492,4558.88953,5684.648144,5763.025288,,111091.463,125427.0622,133911.5453,167867.3869,-9999,-9999,-9999,-9999,-9999,,13590,37686,46883,46883,-9999,-9999,-9999,-9999,-9999,-9999,-9999,-9999,-9999,-9999,-9999,-9999,-9999,-9999,-9999
South Dakota,SD,46,36010909.3,29424330.68,,150838.7766,3546866.089,3546866.089,4309679.331,,109331.7261,2570857.444,2570857.444,3123763.602,,15531.15608,16178.28758,16178.28758,16178.28758,,5426.925053,5653.04693,5653.04693,5653.04693,-9999,-9999,-9999,-9999,-9999,-9999,-9999,-9999,-9999,-9999,0,0,1909849.023,1909849.023,1909849.023,-9999,0,2857042.693,2857042.693,2857042.693,0,0,0,0,28891.66323,0,0,0,0,11735.6333,,5577100.543,5577100.543,5755521.716,5755521.716,,11745183.62,11745183.62,12120932.52,12120932.52,,227679.9885,3642879.816,4553599.77,4553599.77,,105817.6649,1693082.638,2116353.298,2116353.298,,1076948.528,13836186.06,12652912.43,12652912.43,,61316.86074,175981.4492,175981.4492,175981.4492,,18022.1309,862740.4136,1090615.333,1105652.203,,11185.33483,423576.1856,528172.8284,535455.0167,,1540203.088,1738679.441,1942200.068,2411102.66,-9999,-9999,-9999,-9999,-9999,,181354,208199,235678,235678,-9999,-9999,-9999,-9999,-9999,-9999,-9999,-9999,-9999,-9999,-9999,-9999,-9999,-9999,-9999
Tennessee,TN ,47,123869425.2,96484927.93,,474085.6582,11147785.62,11147785.62,13545304.52,,136658.5525,3213428.25,3213428.25,3904530.072,,1544738.08,1609102.167,1609102.167,1609102.167,,204767.3038,213299.2747,213299.2747,213299.2747,-9999,-9999,-9999,-9999,-9999,-9999,-9999,-9999,-9999,-9999,-9999,-9999,-9999,-9999,-9999,-9999,-9999,-9999,-9999,-9999,0,0,0,0,695176.0844,0,0,0,0,219936.9431,,1561941.632,1561941.632,1611910.869,1611910.869,,3289395.83,3289395.83,3394629.339,3394629.339,,63764.8273,1020237.237,1275296.546,1275296.546,,29635.65296,474170.4474,592713.0593,592713.0593,,3679.950868,973085.8842,993017.1008,993017.1008,,0,18431.71088,18431.71088,18431.71088,,1571.994865,75253.22659,95129.79971,96441.40279,,1171.514717,44363.95894,55319.06294,56081.77508,,381091.6328,430222.5358,473741.8524,589911.0978,-9999,-9999,-9999,-9999,-9999,,5473,20020,24687,24687,-9999,-9999,-9999,-9999,-9999,-9999,-9999,-9999,-9999,-9999,-9999,-9999,-9999,-9999,-9999
Texas,TX,48,873803627.9,855858901.8,,680154.516,15993347.62,15993347.62,19432986.17,,227977.5806,5360729.966,5360729.966,6513645.159,,2045309.584,2130530.817,2130530.817,2130530.817,,581881.5144,606126.5775,606126.5775,606126.5775,0,78756.37291,164202.4763,200691.9155,225018.2083,0,167000,167000,167000,167000,-9999,-9999,-9999,-9999,-9999,-9999,-9999,-9999,-9999,-9999,0,0,0,0,1930756.451,0,0,0,0,502950.9883,,6840687.863,6840687.863,7059533.399,7059533.399,,14406255.44,14406255.44,14867136.67,14867136.67,,279264.7761,4468236.417,5585295.521,5585295.521,,129792.463,2076679.408,2595849.26,2595849.26,,6440333.902,12823284.37,11624971.61,11624971.61,,26046.09602,217349.0401,217366.2514,217366.2514,,12587.40774,602573.8808,761731.2265,772233.6035,,13815.74203,523186.7795,652380.9659,661375.6751,,1405048.276,1585916.183,1831204.959,2257662.05,-9999,-9999,-9999,-9999,-9999,,594482,1092948,1118112,1118112,-9999,-9999,-9999,-9999,-9999,-9999,-9999,-9999,-9999,-9999,-9999,-9999,-9999,-9999,-9999
Utah,UT,49,77579591.7,51947351.92,,98137.75824,2307639.287,2307639.287,2803935.95,,199845.9528,4699234.833,4699234.833,5709884.365,,74973.48777,78097.38309,78097.38309,78097.38309,,32041.86915,33376.94703,33376.94703,33376.94703,-9999,-9999,-9999,-9999,-9999,-9999,-9999,-9999,-9999,-9999,0,0,1786.555714,1786.555714,22014.92452,-9999,0,2795.182198,2795.182198,1576015.091,0,0,0,0,146512.2021,0,0,0,0,65325.28694,,293935.8066,293935.8066,303339.3257,303339.3257,,619018.7882,619018.7882,638822.2789,638822.2789,,11999.65835,191994.5335,239993.1669,239993.1669,,5577.019895,89232.31832,111540.3979,111540.3979,,684632.8283,1437016.089,1302604.228,1302604.228,,3363.275084,25229.9577,25229.9577,25229.9577,,1841.708178,88164.71724,111451.5918,112988.2318,,1603.609506,60726.90784,75722.62975,76766.65628,,58974.11982,66576.35359,73558.9339,91530.78217,-9999,-9999,-9999,-9999,-9999,,100720,211559,266721,266721,-9999,-9999,-9999,-9999,-9999,-9999,-9999,-9999,-9999,-9999,-9999,-9999,-9999,-9999,-9999
Vermont,VT,50,7073996.026,-66651.494,0,43158.29347,1014836.444,1014836.444,1233094.099,0,13948.83776,327996.9565,327996.9565,398538.2218,0,106779.8397,111228.9997,111228.9997,111228.9997,0,11435.26568,11911.73509,11911.73509,11911.73509,-9999,-9999,-9999,-9999,-9999,-9999,-9999,-9999,-9999,-9999,-9999,-9999,-9999,-9999,-9999,-9999,-9999,-9999,-9999,-9999,0,0,0,0,26060.00052,0,0,0,0,11728.45502,,81952.75353,81952.75353,84574.56505,84574.56505,,172589.7051,172589.7051,178111.1508,178111.1508,,3345.645616,53530.32986,66912.91233,66912.91233,,1554.938618,24879.01788,31098.77236,31098.77236,0,60277.95571,145504.5185,131894.6965,131894.6965,0,0,1380.494326,1380.494326,1380.494326,,161.1508401,7714.478562,9752.097467,9886.55461,,87.74385793,3322.762278,4143.275307,4200.400757,197188.8322,21076.00084,23796.17222,25263.96662,31709.07563,-9999,-9999,-9999,-9999,-9999,0,4319,17272,17272,17272,-9999,-9999,-9999,-9999,-9999,-9999,-9999,-9999,-9999,-9999,-9999,-9999,-9999,-9999,-9999
Virginia,VA,51,132644993.7,100253294.9,0,349794.1653,8225159.944,8225159.944,9994119.009,0,90349.03259,2124492.966,2124492.966,2581400.931,0,1745553.298,1818284.685,1818284.685,1818284.685,0,214002.671,222919.4489,222919.4489,222919.4489,-9999,-9999,-9999,-9999,-9999,-9999,-9999,-9999,-9999,-9999,-9999,-9999,-9999,-9999,-9999,-9999,-9999,-9999,-9999,-9999,0,0,0,0,414676.2254,0,0,0,0,135671.15,,848879.035,848879.035,876036.1558,876036.1558,,1787710.309,1787710.309,1844902.279,1844902.279,,34654.70408,554475.2653,693094.0816,693094.0816,,16106.28974,257700.6358,322125.7948,322125.7948,0,73092.83913,713041.8123,646347.1679,646347.1679,0,0.45525704,11414.74694,11414.74694,11414.74694,,1055.651736,50535.27911,63883.12099,64763.91017,,725.5183268,27474.57184,34259.06085,34731.408,20372.29469,203999.8432,230328.5967,244678.8165,307059.5102,-9999,-9999,-9999,-9999,-9999,0,36429,104176,111232,111232,-9999,-9999,-9999,-9999,-9999,-9999,-9999,-9999,-9999,26062.23749,-9999,-9999,-9999,-9999,15451.20612
Washington,WA,53,88245188.04,49804266.28,0,168579.7701,3964032.879,3964032.879,4816564.859,0,147176.711,3460755.233,3460755.233,4205048.885,0,1811831.391,1887324.365,1887324.365,1887324.365,0,308087.3348,320924.3071,320924.3071,320924.3071,-9999,-9999,-9999,-9999,-9999,-9999,-9999,-9999,-9999,-9999,0,0,0,850583.1216,1481046.45,-9999,0,0,394979.6383,1120367.97,0,0,0,0,422331.2793,0,0,0,0,156920.4453,,1157964.003,1157964.003,1195009.291,1195009.291,,2438632.714,2438632.714,2516648.827,2516648.827,,47272.81296,756365.0074,945456.2593,945456.2593,,21970.74373,351531.8997,439414.8746,439414.8746,0,121792.6055,1971962.421,1792552.123,1792552.123,0,453.8771921,31176.64209,31742.07064,31742.07064,,2170.134163,103886.852,131326.4011,133137.0652,,2017.517699,76401.15061,95267.42339,96580.92395,561341.2946,580375.5762,654809.8439,841846.4964,1016133.866,-9999,-9999,-9999,-9999,-9999,0,235148,485537,529328,529328,-9999,-9999,-9999,-9999,-9999,-9999,-9999,-9999,-9999,151394.8967,-9999,-9999,-9999,-9999,91006.38693
West Virginia,WV,54,129857743.2,96989378.06,,206469.1255,4854974.008,4854974.008,5899117.871,,49684.97524,1168306.703,1168306.703,1419570.721,,708003.0076,737503.1329,737503.1329,737503.1329,,71749.95269,74739.53405,74739.53405,74739.53405,-9999,-9999,-9999,-9999,-9999,-9999,-9999,-9999,-9999,-9999,-9999,-9999,-9999,-9999,-9999,-9999,-9999,-9999,-9999,-9999,0,0,0,0,127815.1331,0,0,0,0,50840.66515,,212403.8631,212403.8631,219199.0332,219199.0332,,447315.2947,447315.2947,461625.6911,461625.6911,,8671.191912,138739.0706,173423.8382,173423.8382,,4030.065558,64481.04892,80601.31115,80601.31115,,17772.04961,72940.65574,66118.12302,66118.12302,,69.8156684,1066.851285,1066.851285,1066.851285,,84.73541373,4056.383027,5127.792154,5198.49164,,67.80878833,2567.843371,3201.938972,3246.085738,,14256.13771,16096.10432,17088.94348,21448.51636,-9999,-9999,-9999,-9999,-9999,,76,152,304,304,-9999,-9999,-9999,-9999,-9999,-9999,-9999,-9999,-9999,-9999,-9999,-9999,-9999,-9999,-9999
Wisconsin,WI,55,123455290.4,64365453.41,,237960.4173,5595469.24,5595469.24,6798869.065,,92283.45602,2169979.552,2169979.552,2636670.172,,265754.8071,276827.924,276827.924,276827.924,,52730.37487,54927.47383,54927.47383,54927.47383,-9999,-9999,-9999,-9999,-9999,-9999,-9999,-9999,-9999,-9999,-9999,-9999,-9999,-9999,-9999,-9999,-9999,-9999,-9999,-9999,0,0,0,0,331683.5998,0,0,0,0,141314.742,,2487197.688,2487197.688,2566767.48,2566767.48,,5237953.54,5237953.54,5405524.809,5405524.809,,101537.5528,1624600.845,2030751.057,2030751.057,,47191.0896,755057.4337,943821.7921,943821.7921,,172679.2947,4123457.397,4024927.792,4024927.792,,5606.28735,47484.08418,47484.08418,47484.08418,,5350.206542,256120.6236,323769.5542,328233.5302,,3018.075958,114291.1787,142513.9022,144478.8141,,852594.4263,962376.6438,1101854.742,1360836.257,-9999,-9999,-9999,-9999,-9999,,58076,194806,209629,209629,-9999,-9999,-9999,-9999,-9999,-9999,-9999,-9999,-9999,-9999,-9999,-9999,-9999,-9999,-9999
Wyoming,WY,56,92164272.66,99551279.81,,107073.4867,2517756.558,2517756.558,3059242.477,,176718.138,4155400.788,4155400.788,5049089.658,,56842.15496,59210.57808,59210.57808,59210.57808,,25567.23974,26632.54139,26632.54139,26632.54139,-9999,-9999,-9999,-9999,-9999,-9999,-9999,-9999,-9999,-9999,0,0,746358.4763,746358.4763,848003.6886,-9999,0,1116516.544,1116516.544,1399420.67,0,0,0,0,22636.38639,0,0,0,0,11922.89448,,464784.6792,464784.6792,479653.9517,479653.9517,,978820.6895,978820.6895,1010134.87,1010134.87,,18974.40608,303590.4972,379488.1215,379488.1215,,8818.637758,141098.2041,176372.7552,176372.7552,,1407203.472,1706999.558,1547334.688,1547334.688,,3560.611644,23986.23422,23986.23422,23986.23422,,1998.711117,95680.63095,120952.6777,122620.3139,,1524.558766,57733.34429,71989.84453,72982.40524,,446015.1377,503095.9961,684565.2706,817682.2404,-9999,-9999,-9999,-9999,-9999,,5957,9588,14969,14969,-9999,-9999,-9999,-9999,-9999,-9999,-9999,-9999,-9999,-9999,-9999,-9999,-9999,-9999,-9999